<?xml version="1.0" encoding="utf-8"?>
<modification>
	<name>Hide Fields Admin</name>
	<code>hide-filds-admin</code>
	<version>2.0</version>
	<author>REDS</author>
	<link>http://www.agenciaprai.com/</link>
	<!-- iolardemartini@gmail.com  -->

	<file path="admin/view/template/catalog/product_form.tpl">
			<operation>
				<search position="replace" index="4,6,7,8,9"><![CDATA[
					<div class="form-group">
				]]></search>
				<add><![CDATA[
				<div class="form-group hidden">
				]]></add>
			</operation>
	</file>
</modification>
