<?xml version="1.0" encoding="utf-8"?>
<modification>
	<name>Hide Fields Admin</name>
	<code>hide-filds-admin</code>
	<version>3.0</version>
	<author>REDS</author>
	<link>http://www.agenciaprai.com/</link>

	<file path="admin/view/template/catalog/product_form.twig">
			<operation>
				<search position="replace" index="5,6,7,8,9,10"><![CDATA[
					<div class="form-group">
				]]></search>
				<add><![CDATA[
				<div class="form-group hidden">
				]]></add>
			</operation>
	</file>
</modification>